pdb,scaffold,scaffold_bidentates,target_peptide,scaffold_peptide_start,scaffold_peptide_end,target_peptide_start,target_peptide_end,fa_rep,sequence_identity,blosum_score
pp_scaff_re_112_0001_1_12_1_12_0.pdb,pp_scaff_re_112_0001,53_94_139,fus4-F1JVV7,1,12,1,12,0.5718135755749358,0.08333333333333333,-1.1666666666666667
pp_scaff_re_112_0001_1_12_1_12_1.pdb,pp_scaff_re_112_0001,53_94_139,fus4-F1JVV7,1,12,1,12,-1.5389549664229776,0.08333333333333333,-1.1666666666666667
pp_scaff_re_112_0001_1_12_1_12_2.pdb,pp_scaff_re_112_0001,53_94_139,fus4-F1JVV7,1,12,1,12,-3.0073567904019,0.08333333333333333,-1.1666666666666667
pp_scaff_re_112_0001_1_12_1_12_3.pdb,pp_scaff_re_112_0001,53_94_139,fus4-F1JVV7,1,12,1,12,-2.9633113080604403,0.08333333333333333,-1.1666666666666667
pp_scaff_re_112_0001_1_12_1_12_4.pdb,pp_scaff_re_112_0001,53_94_139,fus4-F1JVV7,1,12,1,12,-3.2503683446810783,0.08333333333333333,-1.1666666666666667
pp_scaff_re_112_0001_1_12_1_12_5.pdb,pp_scaff_re_112_0001,53_94_139,fus4-F1JVV7,1,12,1,12,0.5395795532153898,0.08333333333333333,-1.1666666666666667
pp_scaff_re_112_0001_1_12_1_12_6.pdb,pp_scaff_re_112_0001,53_94_139,fus4-F1JVV7,1,12,1,12,0.34989912706413406,0.08333333333333333,-1.1666666666666667
pp_scaff_re_112_0001_1_12_1_12_7.pdb,pp_scaff_re_112_0001,53_94_139,fus4-F1JVV7,1,12,1,12,-2.439179781552582,0.08333333333333333,-1.1666666666666667
pp_scaff_re_112_0001_1_12_1_12_8.pdb,pp_scaff_re_112_0001,53_94_139,fus4-F1JVV7,1,12,1,12,-2.4471781612599557,0.08333333333333333,-1.1666666666666667
pp_scaff_re_112_0001_1_12_1_12_9.pdb,pp_scaff_re_112_0001,53_94_139,fus4-F1JVV7,1,12,1,12,-2.5032100018354413,0.08333333333333333,-1.1666666666666667
pp_scaff_re_112_0001_1_12_2_13_10.pdb,pp_scaff_re_112_0001,53_94_139,fus4-F1JVV7,1,12,2,13,12.51284991827498,0.0,-1.75
pp_scaff_re_112_0001_1_12_2_13_11.pdb,pp_scaff_re_112_0001,53_94_139,fus4-F1JVV7,1,12,2,13,11.759595243286185,0.0,-1.75
pp_scaff_re_112_0001_1_12_2_13_12.pdb,pp_scaff_re_112_0001,53_94_139,fus4-F1JVV7,1,12,2,13,-5.956552180440326,0.0,-1.75
pp_scaff_re_112_0001_1_12_2_13_13.pdb,pp_scaff_re_112_0001,53_94_139,fus4-F1JVV7,1,12,2,13,-9.64689335961043,0.0,-1.75
pp_scaff_re_112_0001_1_12_2_13_14.pdb,pp_scaff_re_112_0001,53_94_139,fus4-F1JVV7,1,12,2,13,-6.293858838663198,0.0,-1.75
pp_scaff_re_112_0001_1_12_2_13_15.pdb,pp_scaff_re_112_0001,53_94_139,fus4-F1JVV7,1,12,2,13,-9.765854317837977,0.0,-1.75
pp_scaff_re_112_0001_1_12_2_13_16.pdb,pp_scaff_re_112_0001,53_94_139,fus4-F1JVV7,1,12,2,13,-6.393845291020057,0.0,-1.75
pp_scaff_re_112_0001_1_12_2_13_17.pdb,pp_scaff_re_112_0001,53_94_139,fus4-F1JVV7,1,12,2,13,-6.556434652475389,0.0,-1.75
pp_scaff_re_112_0001_1_12_2_13_18.pdb,pp_scaff_re_112_0001,53_94_139,fus4-F1JVV7,1,12,2,13,-6.556281917721776,0.0,-1.75
pp_scaff_re_112_0001_1_12_2_13_19.pdb,pp_scaff_re_112_0001,53_94_139,fus4-F1JVV7,1,12,2,13,-7.383134790850875,0.0,-1.75
pp_scaff_re_112_0001_1_12_3_14_20.pdb,pp_scaff_re_112_0001,53_94_139,fus4-F1JVV7,1,12,3,14,-5.577856749631962,0.16666666666666666,-0.6666666666666666
pp_scaff_re_112_0001_1_12_3_14_21.pdb,pp_scaff_re_112_0001,53_94_139,fus4-F1JVV7,1,12,3,14,-8.670025946707597,0.16666666666666666,-0.6666666666666666
pp_scaff_re_112_0001_1_12_3_14_22.pdb,pp_scaff_re_112_0001,53_94_139,fus4-F1JVV7,1,12,3,14,-14.452117223970504,0.16666666666666666,-0.6666666666666666
pp_scaff_re_112_0001_1_12_3_14_23.pdb,pp_scaff_re_112_0001,53_94_139,fus4-F1JVV7,1,12,3,14,-14.587997017330792,0.16666666666666666,-0.6666666666666666
pp_scaff_re_112_0001_1_12_3_14_24.pdb,pp_scaff_re_112_0001,53_94_139,fus4-F1JVV7,1,12,3,14,-14.231313452987308,0.16666666666666666,-0.6666666666666666
pp_scaff_re_112_0001_1_12_3_14_25.pdb,pp_scaff_re_112_0001,53_94_139,fus4-F1JVV7,1,12,3,14,-14.561878381832344,0.16666666666666666,-0.6666666666666666
pp_scaff_re_112_0001_1_12_3_14_26.pdb,pp_scaff_re_112_0001,53_94_139,fus4-F1JVV7,1,12,3,14,-13.623387298089256,0.16666666666666666,-0.6666666666666666
pp_scaff_re_112_0001_1_12_3_14_27.pdb,pp_scaff_re_112_0001,53_94_139,fus4-F1JVV7,1,12,3,14,-13.888754944781624,0.16666666666666666,-0.6666666666666666
pp_scaff_re_112_0001_1_12_3_14_28.pdb,pp_scaff_re_112_0001,53_94_139,fus4-F1JVV7,1,12,3,14,-15.593454395732635,0.16666666666666666,-0.6666666666666666
pp_scaff_re_112_0001_1_12_3_14_29.pdb,pp_scaff_re_112_0001,53_94_139,fus4-F1JVV7,1,12,3,14,-14.626399861795903,0.16666666666666666,-0.6666666666666666
pp_scaff_re_112_0001_1_12_4_15_30.pdb,pp_scaff_re_112_0001,53_94_139,fus4-F1JVV7,1,12,4,15,2.766190409773799,0.0,-1.9166666666666667
pp_scaff_re_112_0001_1_12_4_15_31.pdb,pp_scaff_re_112_0001,53_94_139,fus4-F1JVV7,1,12,4,15,6.651480900984609,0.0,-1.9166666666666667
pp_scaff_re_112_0001_1_12_4_15_32.pdb,pp_scaff_re_112_0001,53_94_139,fus4-F1JVV7,1,12,4,15,7.084049959107858,0.0,-1.9166666666666667
pp_scaff_re_112_0001_1_12_4_15_33.pdb,pp_scaff_re_112_0001,53_94_139,fus4-F1JVV7,1,12,4,15,3.1287536789653814,0.0,-1.9166666666666667
pp_scaff_re_112_0001_1_12_4_15_34.pdb,pp_scaff_re_112_0001,53_94_139,fus4-F1JVV7,1,12,4,15,3.182461198498004,0.0,-1.9166666666666667
pp_scaff_re_112_0001_1_12_4_15_35.pdb,pp_scaff_re_112_0001,53_94_139,fus4-F1JVV7,1,12,4,15,4.196427143702181,0.0,-1.9166666666666667
pp_scaff_re_112_0001_1_12_4_15_36.pdb,pp_scaff_re_112_0001,53_94_139,fus4-F1JVV7,1,12,4,15,5.13163131379747,0.0,-1.9166666666666667
pp_scaff_re_112_0001_1_12_4_15_37.pdb,pp_scaff_re_112_0001,53_94_139,fus4-F1JVV7,1,12,4,15,13.772503423187686,0.0,-1.9166666666666667
pp_scaff_re_112_0001_1_12_4_15_38.pdb,pp_scaff_re_112_0001,53_94_139,fus4-F1JVV7,1,12,4,15,0.8467687001824515,0.0,-1.9166666666666667
pp_scaff_re_112_0001_1_12_4_15_39.pdb,pp_scaff_re_112_0001,53_94_139,fus4-F1JVV7,1,12,4,15,0.319189177098508,0.0,-1.9166666666666667
pp_scaff_re_112_0001_1_12_5_16_40.pdb,pp_scaff_re_112_0001,53_94_139,fus4-F1JVV7,1,12,5,16,14.504713350481211,0.16666666666666666,-0.9166666666666666
pp_scaff_re_112_0001_1_12_5_16_41.pdb,pp_scaff_re_112_0001,53_94_139,fus4-F1JVV7,1,12,5,16,22.23570103112195,0.16666666666666666,-0.9166666666666666
pp_scaff_re_112_0001_1_12_5_16_42.pdb,pp_scaff_re_112_0001,53_94_139,fus4-F1JVV7,1,12,5,16,15.784774965407792,0.16666666666666666,-0.9166666666666666
pp_scaff_re_112_0001_1_12_5_16_43.pdb,pp_scaff_re_112_0001,53_94_139,fus4-F1JVV7,1,12,5,16,4.178356403524276,0.16666666666666666,-0.9166666666666666
pp_scaff_re_112_0001_1_12_5_16_44.pdb,pp_scaff_re_112_0001,53_94_139,fus4-F1JVV7,1,12,5,16,41.3672157361089,0.16666666666666666,-0.9166666666666666
pp_scaff_re_112_0001_1_12_5_16_45.pdb,pp_scaff_re_112_0001,53_94_139,fus4-F1JVV7,1,12,5,16,37.15793523167588,0.16666666666666666,-0.9166666666666666
pp_scaff_re_112_0001_1_12_5_16_46.pdb,pp_scaff_re_112_0001,53_94_139,fus4-F1JVV7,1,12,5,16,37.04773814008985,0.16666666666666666,-0.9166666666666666
pp_scaff_re_112_0001_1_12_5_16_47.pdb,pp_scaff_re_112_0001,53_94_139,fus4-F1JVV7,1,12,5,16,39.62805636785248,0.16666666666666666,-0.9166666666666666
pp_scaff_re_112_0001_1_12_5_16_48.pdb,pp_scaff_re_112_0001,53_94_139,fus4-F1JVV7,1,12,5,16,36.64206124476209,0.16666666666666666,-0.9166666666666666
pp_scaff_re_112_0001_1_12_5_16_49.pdb,pp_scaff_re_112_0001,53_94_139,fus4-F1JVV7,1,12,5,16,35.82558379869846,0.16666666666666666,-0.9166666666666666
